Provinsi;IPM;AHH;IKP;II;LPP;KBS;PDRB;PTP;RLS
Kalimantan Barat;67.685;71.68142857;71.31428571;948;1.39;29.8;16523173.09;596624;7.303571429
Kalimantan Selatan;70.75076923;68.60307692;80.29076923;1496;1.61;30;15170116.71;688830;8.28
Kalimantan Utara;70.914;72.232;73.024;227;2.25;27.5;22302417.97;482428;9.108
Kalimantan Tengah;70.77071429;69.54071429;73.67642857;635;1.61;27.4;12102145.99;619339;8.641428571
Kalimantan Timur;75.009;73.226;77.456;713;1.5;22.8;69661660.61;913047;9.442
